"";"TiempoInfiel";"Genero";"Edad";"AnnosCasado";"Hijos";"Religioso";"Educacion";"Ocupacion";"Valoracion"
"1";0;"male";37;10;"no";2.98;17.84;"7";"feliz"
"2";0;"female";27;4;"no";4.16;13.38;"6";"feliz"
"3";0;"female";32;15;"yes";0.97;12.69;"1";"feliz"
"4";0;"male";57;15;"yes";4.53;17.79;"6";"muy feliz"
"5";0;"male";22;0.75;"no";1.66;16.87;"6";"neural"
"6";0;"female";32;1.5;"no";1.58;17.03;"5";"muy feliz"
"7";0;"female";22;0.75;"no";2.13;12.84;"1";"neural"
"8";0;"male";57;15;"yes";2.03;14.37;"4";"feliz"
"9";0;"female";32;15;"yes";3.66;16.22;"1";"infeliz"
"10";0;"male";22;1.5;"no";4.05;13.24;"4";"muy feliz"
"11";0;"male";37;15;"yes";1.6;20.07;"7";"infeliz"
"12";0;"male";27;4;"yes";4.24;18.38;"6";"feliz"
"13";0;"male";47;15;"yes";5.27;16.63;"6";"feliz"
"14";0;"female";22;1.5;"no";1.55;16.53;"5";"feliz"
"15";0;"female";27;4;"no";3.98;13.61;"5";"feliz"
"16";0;"female";37;15;"yes";1.09;16.88;"5";"muy feliz"
"17";0;"female";37;15;"yes";2;18.09;"4";"neural"
"18";0;"female";22;0.75;"no";3.48;16.26;"5";"feliz"
"19";0;"female";22;1.5;"no";1.8;16.01;"5";"muy feliz"
"20";0;"female";27;10;"yes";2.16;13.85;"1";"muy feliz"
"21";0;"female";22;1.5;"no";2.07;15.65;"5";"muy feliz"
"22";0;"female";22;1.5;"no";2.02;15.77;"5";"muy feliz"
"23";0;"female";27;10;"yes";3.62;15.62;"5";"feliz"
"24";0;"female";32;10;"yes";2.71;14.26;"1";"muy feliz"
"25";0;"male";37;4;"yes";2.26;20.19;"6";"feliz"
"26";0;"female";22;1.5;"no";1.61;17.7;"5";"muy feliz"
"27";0;"female";27;7;"no";4.42;16.14;"1";"muy feliz"
"28";0;"male";42;15;"yes";4.96;19.69;"6";"feliz"
"29";0;"male";27;4;"yes";2.62;15.95;"5";"muy feliz"
"30";0;"female";27;4;"yes";2.57;17.41;"5";"feliz"
"31";0;"male";42;15;"yes";4.18;20.28;"6";"neural"
"32";0;"female";22;1.5;"no";3.28;15.75;"5";"muy feliz"
"33";0;"male";27;0.417;"no";4.33;17.47;"6";"feliz"
"34";0;"female";42;15;"yes";4.65;14.62;"5";"feliz"
"35";0;"male";32;4;"yes";0.88;17.76;"6";"feliz"
"36";0;"female";22;1.5;"no";4.29;15.67;"5";"neural"
"37";0;"female";42;15;"yes";2.67;11.12;"1";"feliz"
"38";0;"female";22;4;"no";3.92;17.43;"5";"muy feliz"
"39";0;"male";22;1.5;"yes";1.35;13.99;"3";"muy feliz"
"40";0;"female";22;0.75;"no";2.9;16.46;"1";"muy feliz"
"41";0;"male";32;10;"yes";5.14;19.98;"6";"muy feliz"
"42";0;"male";52;15;"yes";5.17;17.84;"6";"neural"
"43";0;"female";22;0.417;"no";5.48;13.07;"1";"feliz"
"44";0;"female";27;4;"yes";2.25;18.14;"6";"muy infeliz"
"45";0;"female";32;7;"yes";4.99;17.2;"5";"neural"
"46";0;"male";22;4;"no";3.31;15.71;"5";"muy feliz"
"47";0;"female";27;7;"yes";3.92;17.68;"6";"muy feliz"
"48";0;"female";42;15;"yes";1.91;17.58;"5";"feliz"
"49";0;"male";27;1.5;"yes";4.43;16.32;"3";"muy feliz"
"50";0;"male";42;15;"yes";1.85;19.61;"6";"feliz"
"51";0;"female";22;0.75;"no";5.14;14.74;"3";"muy feliz"
"52";0;"male";32;7;"yes";2.33;19.87;"6";"feliz"
"53";0;"male";27;4;"yes";5.48;19.72;"6";"muy feliz"
"54";0;"male";27;10;"yes";3.83;19.84;"6";"feliz"
"55";0;"male";22;4;"no";1.29;18.12;"5";"muy feliz"
"56";0;"female";37;15;"yes";3.91;13.81;"3";"muy infeliz"
"57";0;"male";22;1.5;"yes";5.25;15.81;"4";"feliz"
"58";0;"female";37;15;"yes";4.05;17.1;"1";"muy feliz"
"59";0;"female";27;0.75;"no";4.47;16.95;"5";"feliz"
"60";0;"male";32;10;"yes";4.39;19.95;"6";"feliz"
"61";0;"female";47;15;"yes";4.89;13.05;"7";"infeliz"
"62";0;"male";37;10;"yes";3.26;20.07;"6";"feliz"
"63";0;"female";22;0.75;"no";1.61;16.05;"5";"muy feliz"
"64";0;"male";27;4;"no";2.49;17.86;"4";"muy feliz"
"65";0;"male";32;7;"no";3.81;20.29;"6";"feliz"
"66";0;"male";42;15;"yes";1.94;17.11;"3";"muy feliz"
"67";0;"male";37;10;"yes";4.34;20.21;"6";"feliz"
"68";0;"female";47;15;"yes";2.57;16.89;"6";"muy feliz"
"69";0;"female";22;1.5;"no";4.58;15.82;"5";"muy feliz"
"70";0;"female";27;1.5;"no";2.47;16.44;"6";"feliz"
"71";0;"female";27;4;"no";2.82;17.03;"5";"muy feliz"
"72";0;"female";32;10;"yes";5.21;13.33;"4";"muy feliz"
"73";0;"female";22;0.125;"no";1.75;12.79;"5";"muy feliz"
"74";0;"male";47;15;"yes";3.62;14.74;"4";"neural"
"75";0;"male";32;15;"yes";0.93;14;"5";"muy feliz"
"76";0;"male";27;7;"yes";4.33;16.46;"5";"muy feliz"
"77";0;"female";22;1.5;"yes";3.17;16.48;"5";"muy feliz"
"78";0;"male";27;4;"yes";2.88;16.81;"6";"muy feliz"
"79";0;"female";22;1.5;"no";2.86;15.65;"5";"muy feliz"
"80";0;"male";57;15;"yes";2.2;14.36;"7";"infeliz"
"81";0;"male";17.5;1.5;"yes";2.67;17.97;"6";"muy feliz"
"82";0;"male";57;15;"yes";3.71;20.49;"6";"muy feliz"
"83";0;"female";22;0.75;"no";2.5;16.39;"3";"feliz"
"84";0;"male";42;4;"no";4.48;16.54;"3";"neural"
"85";0;"female";22;1.5;"yes";3.75;11.51;"1";"muy feliz"
"86";0;"female";22;0.417;"no";0.76;17.2;"6";"feliz"
"87";0;"female";32;15;"yes";4.33;17.39;"5";"muy feliz"
"88";0;"female";27;1.5;"no";2.87;17.98;"5";"infeliz"
"89";0;"female";22;1.5;"yes";3.4;13.1;"1";"muy feliz"
"90";0;"female";37;15;"yes";3.21;14.42;"1";"feliz"
"91";0;"female";32;15;"yes";4.42;13.66;"3";"feliz"
"92";0;"male";37;10;"yes";1.51;13.49;"5";"neural"
"93";0;"male";37;10;"yes";4.48;15.81;"5";"feliz"
"94";0;"male";57;15;"yes";4.59;19.92;"5";"neural"
"95";0;"male";27;0.417;"no";0.85;16.27;"3";"feliz"
"96";0;"female";42;15;"yes";5.04;13.78;"1";"muy feliz"
"97";0;"male";57;15;"yes";3.5;15.91;"6";"muy infeliz"
"98";0;"male";37;10;"yes";0.78;16.47;"6";"feliz"
"99";0;"male";37;15;"yes";2.74;17.06;"5";"muy feliz"
"100";0;"male";37;15;"yes";4.38;19.96;"6";"muy feliz"
"101";0;"female";27;10;"yes";5.41;13.94;"1";"muy feliz"
"102";0;"male";37;10;"yes";2.06;17.89;"6";"feliz"
"103";0;"female";22;0.125;"no";4.02;11.56;"4";"muy feliz"
"104";0;"male";57;15;"yes";5.15;19.91;"6";"muy feliz"
"105";0;"female";37;15;"yes";4.24;18.18;"6";"feliz"
"106";0;"male";22;4;"yes";3.78;13.22;"6";"feliz"
"107";0;"male";27;7;"yes";4.03;18.4;"5";"feliz"
"108";0;"male";57;15;"yes";3.97;19.76;"5";"feliz"
"109";0;"male";32;15;"yes";3.48;14.05;"6";"neural"
"110";0;"female";22;1.5;"no";2.25;13.5;"5";"feliz"
"111";0;"female";32;7;"yes";3.82;16.6;"1";"muy feliz"
"112";0;"female";37;15;"yes";3.67;17.07;"6";"muy feliz"
"113";0;"female";32;1.5;"no";5.48;18.09;"5";"muy feliz"
"114";0;"male";42;10;"yes";4.55;20.32;"7";"feliz"
"115";0;"female";27;7;"no";3.31;16.37;"5";"feliz"
"116";0;"male";37;15;"no";4.46;19.82;"6";"muy feliz"
"117";0;"male";37;15;"yes";4.23;13.94;"3";"infeliz"
"118";0;"male";32;10;"no";5.24;18.45;"6";"feliz"
"119";0;"female";22;0.75;"no";3.71;16.32;"1";"muy feliz"
"120";0;"female";27;7;"yes";3.67;12.8;"2";"feliz"
"121";0;"female";27;7;"yes";1.88;16.45;"2";"muy feliz"
"122";0;"female";42;15;"yes";4.71;17.97;"5";"feliz"
"123";0;"male";42;15;"yes";3.67;16.84;"5";"neural"
"124";0;"female";27;7;"yes";2.1;16.5;"1";"infeliz"
"125";0;"female";22;1.5;"no";3.42;16.46;"5";"muy feliz"
"126";0;"male";37;15;"yes";5.36;19.8;"6";"muy feliz"
"127";0;"female";22;0.125;"no";2.44;13.59;"4";"muy feliz"
"128";0;"male";27;1.5;"no";4.05;15.85;"5";"muy feliz"
"129";0;"male";32;1.5;"no";1.65;18.2;"6";"muy feliz"
"130";0;"male";27;1.5;"no";1.59;16.95;"6";"muy feliz"
"131";0;"female";27;10;"yes";3.73;15.57;"1";"neural"
"132";0;"male";42;15;"yes";4.35;18.29;"6";"muy feliz"
"133";0;"female";27;1.5;"no";2.37;15.68;"6";"muy feliz"
"134";0;"male";27;4;"no";2.41;17.87;"6";"neural"
"135";0;"female";32;10;"yes";3.25;14.94;"5";"neural"
"136";0;"female";32;15;"yes";2.81;18.48;"5";"feliz"
"137";0;"female";22;0.75;"no";1.51;17.67;"6";"muy feliz"
"138";0;"female";37;15;"yes";1.61;15.67;"1";"feliz"
"139";0;"male";27;4;"yes";4.46;20.03;"5";"muy feliz"
"140";0;"male";27;4;"no";0.64;19.74;"5";"feliz"
"141";0;"female";27;10;"yes";2.45;11.72;"1";"feliz"
"142";0;"female";32;15;"yes";4.78;18.23;"6";"feliz"
"143";0;"male";27;7;"yes";5.17;11.95;"5";"neural"
"144";0;"male";52;15;"yes";1.89;17.96;"5";"feliz"
"145";0;"male";27;4;"no";3.27;20.37;"6";"neural"
"146";0;"male";37;4;"yes";0.93;17.62;"5";"feliz"
"147";0;"male";27;4;"yes";4.34;14.21;"5";"feliz"
"148";0;"female";52;15;"yes";5.23;11.98;"1";"neural"
"149";0;"female";57;15;"yes";4.07;16.35;"6";"feliz"
"150";0;"male";27;7;"yes";1.15;16.14;"5";"feliz"
"151";0;"male";37;7;"yes";3.88;20.27;"6";"neural"
"152";0;"male";22;0.75;"no";1.59;13.97;"4";"neural"
"153";0;"male";32;4;"yes";2.02;17.57;"5";"neural"
"154";0;"male";37;15;"yes";4.15;19.65;"6";"neural"
"155";0;"male";22;0.75;"yes";2.15;13.35;"4";"neural"
"156";0;"male";42;15;"yes";3.94;20.43;"6";"neural"
"157";0;"female";52;15;"yes";5.1;16.68;"1";"muy infeliz"
"158";0;"female";37;15;"yes";4.08;13.12;"1";"infeliz"
"159";0;"male";27;7;"yes";3.99;14.95;"5";"neural"
"160";0;"male";32;4;"yes";1.9;15.74;"5";"muy feliz"
"161";0;"female";27;4;"yes";2.17;17.94;"6";"muy feliz"
"162";0;"female";27;4;"yes";1.93;17.65;"5";"muy feliz"
"163";0;"male";37;15;"yes";4.62;18;"6";"muy feliz"
"164";0;"female";47;15;"yes";4.84;11.81;"5";"feliz"
"165";0;"female";32;10;"yes";3.2;16.73;"1";"feliz"
"166";0;"female";27;1.5;"yes";3.69;17.32;"1";"infeliz"
"167";0;"female";57;15;"yes";1.98;18.04;"5";"infeliz"
"168";0;"female";22;1.5;"no";3.51;14.35;"5";"feliz"
"169";0;"male";42;15;"yes";2.84;13.08;"3";"feliz"
"170";0;"male";57;15;"yes";4.22;8.95;"2";"infeliz"
"171";0;"male";57;15;"yes";3.82;19.75;"6";"muy feliz"
"172";0;"female";22;0.125;"no";3.68;14.76;"4";"muy feliz"
"173";0;"female";32;10;"yes";4.35;13.72;"1";"muy feliz"
"174";0;"female";42;15;"yes";2.7;17.69;"5";"feliz"
"175";0;"female";27;1.5;"no";2.28;18.09;"6";"muy feliz"
"176";0;"male";32;0.125;"yes";2.31;17.54;"5";"infeliz"
"177";0;"female";27;4;"no";3.31;16.5;"5";"feliz"
"178";0;"female";27;10;"yes";2.06;15.57;"1";"feliz"
"179";0;"female";32;7;"yes";4.4;16.4;"1";"neural"
"180";0;"female";37;15;"yes";4.14;13.06;"5";"feliz"
"181";0;"female";42;15;"yes";4.61;16.66;"6";"infeliz"
"182";0;"male";32;1.5;"yes";3.65;14.96;"6";"muy feliz"
"183";0;"female";32;4;"yes";2.96;16.64;"5";"neural"
"184";0;"female";37;7;"no";3.97;17.76;"5";"muy feliz"
"185";0;"female";22;0.417;"yes";3.26;14.28;"3";"muy feliz"
"186";0;"female";27;7;"yes";4.33;14.32;"1";"muy feliz"
"187";0;"male";27;0.75;"no";3.39;16.4;"5";"muy feliz"
"188";0;"male";27;4;"yes";1.77;19.97;"5";"muy feliz"
"189";0;"male";32;10;"yes";3.62;16.14;"4";"muy feliz"
"190";0;"male";32;15;"yes";0.91;13.63;"5";"muy feliz"
"191";0;"male";22;0.75;"no";2.98;17.4;"4";"muy feliz"
"192";0;"female";27;7;"yes";3.67;16.7;"1";"feliz"
"193";0;"male";27;0.417;"yes";3.82;20.23;"5";"feliz"
"194";0;"male";37;15;"yes";4.2;19.67;"5";"feliz"
"195";0;"female";37;15;"yes";1.52;13.8;"1";"neural"
"196";0;"male";22;4;"yes";0.95;18.37;"5";"feliz"
"197";0;"male";37;15;"yes";4.24;16.75;"5";"neural"
"198";0;"female";22;1.5;"no";1.64;14.46;"4";"muy feliz"
"199";0;"male";52;15;"yes";4.07;13.49;"6";"infeliz"
"200";0;"female";22;1.5;"no";3.66;16.53;"5";"muy feliz"
"201";0;"male";32;4;"yes";5.42;14.53;"3";"muy feliz"
"202";0;"male";32;4;"yes";1.63;14.1;"3";"muy feliz"
"203";0;"female";22;1.5;"no";2.61;16.06;"6";"muy feliz"
"204";0;"male";27;0.75;"no";1.86;17.92;"3";"neural"
"205";0;"female";22;7;"yes";1.89;13.84;"5";"infeliz"
"206";0;"female";27;0.75;"no";1.55;17.21;"5";"neural"
"207";0;"female";37;15;"yes";4.34;12.7;"1";"infeliz"
"208";0;"female";22;1.5;"no";0.88;14.22;"1";"muy feliz"
"209";0;"female";37;10;"no";2.02;11.49;"4";"feliz"
"210";0;"female";37;15;"yes";4.36;17.97;"5";"neural"
"211";0;"female";42;15;"yes";2.57;11.75;"3";"neural"
"212";0;"male";22;4;"no";2.38;17.81;"5";"muy feliz"
"213";0;"male";52;7;"yes";2.42;20.49;"6";"infeliz"
"214";0;"male";27;0.75;"no";2.21;17.46;"5";"muy feliz"
"215";0;"female";27;4;"no";2.26;17.44;"4";"muy feliz"
"216";0;"male";42;1.5;"no";5.1;20.3;"6";"muy feliz"
"217";0;"male";22;1.5;"no";4.41;16.8;"6";"muy feliz"
"218";0;"male";22;4;"no";3.7;17;"5";"neural"
"219";0;"female";22;4;"yes";1.4;14.62;"5";"feliz"
"220";0;"male";37;15;"yes";5.43;20.5;"4";"muy feliz"
"221";0;"female";37;10;"yes";2.79;16.31;"6";"neural"
"222";0;"male";42;15;"yes";4.19;16.63;"6";"muy feliz"
"223";0;"female";47;15;"yes";4.3;16.59;"5";"muy feliz"
"224";0;"male";22;1.5;"no";3.9;15.5;"5";"feliz"
"225";0;"female";32;10;"yes";3.24;11.29;"1";"feliz"
"226";0;"female";22;7;"yes";1.18;14.54;"3";"muy feliz"
"227";0;"female";32;10;"yes";4.45;16.87;"5";"feliz"
"228";0;"male";27;1.5;"yes";2.33;15.88;"2";"feliz"
"229";0;"male";37;15;"yes";4.23;13.94;"5";"muy feliz"
"230";0;"male";42;4;"yes";3.16;14.43;"4";"muy feliz"
"231";0;"female";37;15;"yes";5.34;14.1;"5";"feliz"
"232";0;"female";32;7;"yes";4.15;17.05;"5";"muy feliz"
"233";0;"female";42;15;"yes";4.01;17.97;"6";"muy feliz"
"234";0;"male";27;4;"no";3.52;18.28;"6";"feliz"
"235";0;"male";22;0.75;"no";4.48;17.73;"6";"muy feliz"
"236";0;"male";27;4;"yes";4.47;13.85;"5";"neural"
"237";0;"female";22;0.75;"no";5.41;18.24;"1";"muy feliz"
"238";0;"female";52;15;"yes";5.14;9.82;"5";"muy feliz"
"239";0;"male";32;10;"yes";2.92;13.78;"5";"muy feliz"
"240";0;"female";37;15;"yes";4.27;15.7;"4";"feliz"
"241";0;"male";32;7;"yes";2.35;20.18;"5";"feliz"
"242";0;"female";42;15;"yes";2.85;17.85;"1";"feliz"
"243";0;"male";32;15;"yes";0.62;16.18;"5";"muy feliz"
"244";0;"male";27;4;"yes";3.34;18.15;"5";"muy feliz"
"245";0;"female";32;15;"yes";4.3;12.25;"3";"feliz"
"246";0;"male";22;0.75;"yes";2.89;13.04;"2";"feliz"
"247";0;"female";22;1.5;"no";2.8;16.34;"5";"neural"
"248";0;"female";42;15;"yes";4.32;14.4;"3";"muy feliz"
"249";0;"female";52;15;"yes";2.95;16.47;"5";"feliz"
"250";0;"male";37;15;"yes";5.31;19.81;"6";"feliz"
"251";0;"female";47;15;"yes";3.65;11.99;"2";"neural"
"252";0;"male";57;15;"yes";1.76;20.43;"6";"feliz"
"253";0;"male";32;7;"yes";4.13;17.29;"5";"muy feliz"
"254";0;"female";27;7;"yes";3.84;17.41;"1";"feliz"
"255";0;"male";22;1.5;"no";0.74;18.14;"6";"muy feliz"
"256";0;"female";22;4;"yes";2.59;9.83;"1";"feliz"
"257";0;"female";22;1.5;"no";1.99;13.55;"1";"muy feliz"
"258";0;"male";42;15;"yes";2.19;19.66;"6";"feliz"
"259";0;"male";57;15;"yes";3.72;9.84;"2";"feliz"
"260";0;"female";27;7;"yes";2.16;17.86;"1";"muy feliz"
"261";0;"female";22;4;"yes";2.86;13.24;"1";"muy feliz"
"262";0;"male";37;15;"yes";3.54;13.43;"5";"neural"
"263";0;"male";32;7;"yes";0.75;18.17;"6";"feliz"
"264";0;"female";22;1.5;"no";2.5;13.41;"5";"muy feliz"
"265";0;"female";22;1.5;"yes";2.96;12.05;"1";"neural"
"266";0;"male";52;15;"yes";1.64;14.75;"5";"muy feliz"
"267";0;"female";37;15;"yes";2.2;14.16;"1";"muy infeliz"
"268";0;"female";32;10;"yes";1.68;13.78;"5";"muy feliz"
"269";0;"male";42;15;"yes";4.46;20.38;"4";"muy feliz"
"270";0;"female";27;4;"yes";3.15;17.94;"4";"muy feliz"
"271";0;"male";37;15;"yes";3.51;19.72;"6";"muy feliz"
"272";0;"male";27;1.5;"no";2.89;18.21;"5";"muy feliz"
"273";0;"female";22;0.125;"no";2.07;16.04;"6";"neural"
"274";0;"male";32;10;"yes";2.16;20.31;"6";"neural"
"275";0;"female";27;4;"no";3.95;18.5;"5";"feliz"
"276";0;"female";27;7;"yes";2.43;11.82;"5";"muy infeliz"
"277";0;"male";32;4;"yes";4.69;18.48;"6";"neural"
"278";0;"female";37;15;"yes";1.85;16.9;"5";"muy feliz"
"279";0;"male";47;15;"no";3.82;20.5;"6";"feliz"
"280";0;"male";27;1.5;"no";1.31;18.26;"5";"muy feliz"
"281";0;"male";37;15;"yes";3.87;20.39;"6";"feliz"
"282";0;"female";32;15;"yes";4.39;17.93;"1";"feliz"
"283";0;"female";32;7;"yes";4.37;16.83;"5";"feliz"
"284";0;"female";42;15;"yes";2.7;13.21;"1";"neural"
"285";0;"female";27;7;"yes";2.82;15.56;"1";"feliz"
"286";0;"male";27;1.5;"no";2.6;16.27;"4";"infeliz"
"287";0;"male";22;1.5;"no";3.36;15.57;"3";"muy feliz"
"288";0;"male";27;4;"yes";3.09;16.17;"4";"infeliz"
"289";0;"female";27;7;"yes";3.22;12.42;"1";"infeliz"
"290";0;"female";37;15;"yes";1.94;18.23;"5";"feliz"
"291";0;"female";37;7;"yes";2.82;13.86;"4";"feliz"
"292";0;"male";22;1.5;"no";1.93;16.1;"5";"muy feliz"
"293";0;"male";37;15;"yes";4.86;20.16;"5";"feliz"
"294";0;"female";22;1.5;"no";4.18;15.97;"5";"neural"
"295";0;"female";32;10;"yes";4.41;15.96;"1";"muy feliz"
"296";0;"male";27;4;"no";1.66;17.49;"5";"neural"
"297";0;"female";22;0.417;"no";4.2;14.88;"5";"muy feliz"
"298";0;"female";27;4;"no";1.95;18.26;"5";"muy feliz"
"299";0;"male";37;15;"yes";4.11;17.59;"5";"neural"
"300";0;"male";37;10;"yes";4.72;19.64;"7";"feliz"
"301";0;"female";27;7;"yes";2.05;14.06;"4";"infeliz"
"302";0;"male";32;4;"yes";1.62;15.68;"5";"muy feliz"
"303";0;"male";32;4;"yes";1.64;16.27;"6";"feliz"
"304";0;"male";22;1.5;"no";3.33;17.73;"4";"muy feliz"
"305";0;"female";22;4;"yes";3.83;14.2;"3";"feliz"
"306";0;"female";17.5;0.75;"no";1.8;17.54;"5";"feliz"
"307";0;"male";32;10;"yes";4.16;19.81;"4";"muy feliz"
"308";0;"female";32;0.75;"no";4.91;13.49;"3";"neural"
"309";0;"male";37;15;"yes";4.35;16.95;"5";"neural"
"310";0;"male";32;4;"no";3.5;14.7;"4";"muy feliz"
"311";0;"female";27;1.5;"no";1.95;17.08;"3";"infeliz"
"312";0;"female";22;7;"yes";4.13;13.27;"1";"muy feliz"
"313";0;"male";47;15;"yes";5.49;14.51;"6";"muy feliz"
"314";0;"male";27;4;"yes";1.33;16.42;"4";"feliz"
"315";0;"female";37;15;"yes";5.43;14.28;"1";"neural"
"316";0;"male";42;4;"yes";4.17;17.74;"5";"muy feliz"
"317";0;"female";32;4;"yes";2.29;13.47;"1";"muy feliz"
"318";0;"male";52;15;"yes";2.3;13.23;"7";"feliz"
"319";0;"female";22;1.5;"no";1.91;16.24;"1";"feliz"
"320";0;"male";52;15;"yes";4.24;12.72;"2";"feliz"
"321";0;"female";22;0.417;"no";2.81;16.58;"1";"muy feliz"
"322";0;"female";22;1.5;"no";2.25;16.16;"5";"muy feliz"
"323";0;"male";27;4;"yes";3.6;20.28;"6";"feliz"
"324";0;"female";32;15;"yes";4.13;13.74;"1";"muy feliz"
"325";0;"female";27;1.5;"no";2.32;16.36;"3";"muy feliz"
"326";0;"male";32;4;"no";1.18;20.07;"6";"muy feliz"
"327";0;"male";37;15;"yes";2.99;19.69;"6";"feliz"
"328";0;"female";32;10;"no";1.93;16.31;"6";"muy feliz"
"329";0;"female";32;10;"yes";4.57;14.13;"5";"muy feliz"
"330";0;"male";37;1.5;"yes";4.02;18.04;"5";"neural"
"331";0;"male";32;1.5;"no";2.05;18.08;"4";"feliz"
"332";0;"female";32;10;"yes";4.05;14.27;"1";"feliz"
"333";0;"female";47;15;"yes";3.88;17.56;"5";"feliz"
"334";0;"female";27;10;"yes";4.66;12.32;"1";"muy feliz"
"335";0;"male";27;4;"yes";3.42;15.99;"4";"muy feliz"
"336";0;"female";37;15;"yes";3.67;11.81;"4";"infeliz"
"337";0;"female";27;0.75;"no";3.85;16.43;"5";"muy feliz"
"338";0;"female";37;15;"yes";4.21;15.97;"1";"muy feliz"
"339";0;"female";32;15;"yes";3.26;16.05;"1";"muy feliz"
"340";0;"female";27;10;"yes";2.01;16.03;"1";"muy feliz"
"341";0;"male";27;7;"no";2.18;20.23;"6";"muy feliz"
"342";0;"female";37;15;"yes";1.59;13.29;"1";"neural"
"343";0;"male";27;1.5;"yes";1.93;17.28;"4";"feliz"
"344";0;"female";22;0.75;"yes";1.78;13.05;"1";"muy feliz"
"345";0;"male";22;4;"yes";4.15;14.11;"2";"feliz"
"346";0;"male";42;0.125;"no";3.67;16.51;"6";"feliz"
"347";0;"male";27;1.5;"yes";3.61;17.75;"6";"muy feliz"
"348";0;"male";27;7;"yes";2.57;16.17;"6";"neural"
"349";0;"female";52;15;"yes";4.09;13.49;"1";"neural"
"350";0;"male";27;1.5;"no";4.74;20.04;"5";"infeliz"
"351";0;"female";27;1.5;"no";2.29;16.47;"5";"muy feliz"
"352";0;"female";27;1.5;"no";2.52;17.31;"5";"muy feliz"
"353";0;"male";22;0.125;"no";5.45;15.87;"4";"feliz"
"354";0;"female";27;4;"yes";3.95;16.41;"1";"muy feliz"
"355";0;"female";27;4;"yes";4.24;12.39;"1";"muy feliz"
"356";0;"female";47;15;"yes";2.5;14.99;"5";"muy feliz"
"357";0;"female";32;15;"yes";2.75;14.87;"5";"neural"
"358";0;"male";42;7;"yes";2.33;15.98;"5";"muy feliz"
"359";0;"male";22;0.75;"no";4.34;15.84;"6";"feliz"
"360";0;"male";27;0.125;"no";3.09;19.81;"6";"muy feliz"
"361";0;"male";32;10;"yes";3.4;20.3;"6";"muy feliz"
"362";0;"female";22;0.417;"no";5.14;13.82;"4";"muy feliz"
"363";0;"female";47;15;"yes";5.14;13.87;"1";"feliz"
"364";0;"female";32;10;"yes";2.55;14.75;"1";"muy feliz"
"365";0;"male";57;15;"yes";3.74;17.31;"5";"muy feliz"
"366";0;"male";27;4;"yes";3.48;19.88;"6";"muy feliz"
"367";0;"female";32;7;"yes";4.47;17.06;"1";"muy feliz"
"368";0;"female";37;10;"yes";4.23;16.05;"1";"muy feliz"
"369";0;"female";32;10;"yes";1.32;18.37;"1";"feliz"
"370";0;"female";22;4;"no";2.58;13.7;"1";"feliz"
"371";0;"female";27;7;"yes";3.8;14.76;"3";"infeliz"
"372";0;"male";57;15;"yes";5;17.71;"5";"infeliz"
"373";0;"male";32;7;"yes";1.84;18.37;"5";"muy feliz"
"374";0;"female";27;1.5;"no";4.39;17.15;"1";"neural"
"375";0;"male";22;1.5;"no";3.66;14.92;"5";"muy feliz"
"376";0;"female";22;1.5;"yes";3.87;13.44;"5";"feliz"
"377";0;"female";32;7;"yes";2.75;16.22;"1";"muy feliz"
"378";0;"female";47;15;"yes";3.04;16.41;"5";"feliz"
"379";0;"female";22;0.75;"no";2.51;15.78;"1";"muy feliz"
"380";0;"female";22;1.5;"yes";2.42;14.36;"5";"muy feliz"
"381";0;"female";27;4;"yes";1.28;16.28;"5";"muy feliz"
"382";0;"male";52;15;"yes";3.53;16.17;"5";"muy feliz"
"383";0;"male";32;10;"yes";3.84;19.78;"6";"muy feliz"
"384";0;"male";47;15;"yes";4.45;15.66;"6";"feliz"
"385";0;"female";27;7;"yes";1.7;14.12;"1";"infeliz"
"386";0;"female";22;1.5;"no";4.4;13.54;"4";"muy feliz"
"387";0;"female";32;10;"yes";1.55;15.91;"5";"feliz"
"388";0;"female";22;0.75;"no";1.66;15.74;"5";"feliz"
"389";0;"female";22;1.5;"no";2.41;16.2;"5";"muy feliz"
"390";0;"female";42;15;"yes";3.36;18.05;"6";"feliz"
"391";0;"female";27;7;"yes";4.66;14.98;"4";"muy feliz"
"392";0;"male";42;15;"yes";3.67;15.85;"4";"feliz"
"393";0;"female";57;15;"yes";2.55;18.08;"5";"infeliz"
"394";0;"male";42;15;"yes";3.14;17.96;"6";"infeliz"
"395";0;"female";32;7;"yes";1.95;14.8;"1";"infeliz"
"396";0;"male";22;4;"no";4.8;11.92;"4";"muy feliz"
"397";0;"female";22;1.5;"no";1.45;16.2;"6";"muy feliz"
"398";0;"female";22;0.75;"no";1.02;13.85;"4";"muy feliz"
"399";0;"female";32;15;"yes";3.74;12.94;"1";"muy feliz"
"400";0;"male";22;1.5;"no";2.04;17.9;"5";"neural"
"401";0;"male";27;4;"yes";5.47;17.28;"2";"muy feliz"
"402";0;"female";27;4;"yes";3.61;11.57;"1";"muy feliz"
"403";0;"male";42;15;"yes";4.55;17.78;"5";"feliz"
"404";0;"male";32;1.5;"no";1.69;20.48;"7";"neural"
"405";0;"male";57;15;"no";4.36;8.89;"3";"muy infeliz"
"406";0;"male";37;7;"no";3.75;17.87;"5";"muy feliz"
"407";0;"male";52;15;"yes";1.93;17.04;"5";"feliz"
"408";0;"male";47;15;"yes";3.85;17.09;"6";"muy feliz"
"409";0;"female";27;7;"no";1.71;17.32;"5";"feliz"
"410";0;"female";27;7;"yes";3.73;13.14;"5";"muy feliz"
"411";0;"female";22;4;"no";1.8;14.14;"3";"neural"
"412";0;"male";37;7;"yes";1.54;20.2;"6";"muy feliz"
"413";0;"male";27;7;"no";3.51;11.72;"4";"neural"
"414";0;"male";42;10;"yes";4.35;18.41;"6";"feliz"
"415";0;"female";22;1.5;"no";2.79;13.16;"1";"muy feliz"
"416";0;"female";22;4;"yes";1.87;13.63;"1";"neural"
"417";0;"female";57;15;"no";3.84;20.28;"6";"muy feliz"
"418";0;"male";37;15;"yes";3.99;13.23;"4";"neural"
"419";0;"female";27;7;"yes";2.67;17.58;"5";"muy feliz"
"420";0;"female";17.5;10;"no";4.44;14.88;"4";"muy feliz"
"421";0;"male";22;4;"yes";4.17;15.52;"5";"muy feliz"
"422";0;"female";27;4;"yes";1.75;16.42;"1";"feliz"
"423";0;"female";37;15;"yes";2.35;13.18;"5";"muy infeliz"
"424";0;"female";22;1.5;"no";4.56;14.96;"1";"feliz"
"425";0;"male";27;7;"yes";2.46;20.17;"5";"feliz"
"426";0;"male";27;4;"yes";4.24;14.49;"5";"muy feliz"
"427";0;"male";22;0.125;"no";1.31;16.05;"3";"muy feliz"
"428";0;"female";27;7;"yes";4.17;14.13;"1";"feliz"
"429";0;"female";32;15;"yes";5.08;15.86;"5";"neural"
"430";0;"male";32;10;"yes";4.11;18.47;"5";"feliz"
"431";0;"female";32;15;"yes";2.35;13.19;"3";"feliz"
"432";0;"female";22;1.5;"no";2.72;16.94;"5";"muy feliz"
"433";0;"male";27;4;"yes";4.09;16.84;"4";"feliz"
"434";0;"female";52;15;"yes";4.64;13.47;"1";"muy feliz"
"435";0;"female";27;7;"yes";1.67;12.56;"1";"infeliz"
"436";0;"female";27;7;"yes";2.77;11.66;"1";"feliz"
"437";0;"female";42;15;"yes";1.94;14.35;"1";"feliz"
"438";0;"female";42;15;"yes";4.06;14.89;"5";"feliz"
"439";0;"male";27;7;"yes";3.95;13.43;"3";"neural"
"440";0;"male";27;7;"yes";2.45;19.75;"6";"infeliz"
"441";0;"female";42;15;"yes";2.76;11.91;"3";"neural"
"442";0;"male";27;4;"yes";3.14;15.92;"3";"muy feliz"
"443";0;"female";27;7;"yes";2.72;14.99;"1";"feliz"
"444";0;"female";22;1.5;"no";1.85;13.31;"4";"muy feliz"
"445";0;"female";27;4;"yes";3.74;13.74;"1";"feliz"
"446";0;"female";22;4;"no";4.06;13.97;"5";"muy feliz"
"447";0;"female";22;1.5;"no";1.76;15.58;"4";"muy feliz"
"448";0;"male";47;15;"no";3.95;14.83;"5";"feliz"
"449";0;"male";37;10;"yes";2.4;18.1;"6";"infeliz"
"450";0;"male";37;15;"yes";3.09;17.41;"5";"feliz"
"451";0;"female";27;4;"yes";1.7;15.84;"1";"feliz"
"452";3;"male";27;1.5;"no";3.08;17.98;"4";"feliz"
"453";3;"female";27;4;"yes";2.66;16.57;"1";"muy feliz"
"454";7;"male";37;15;"yes";4.6;17.54;"6";"infeliz"
"455";12;"female";32;10;"yes";2.71;17;"5";"infeliz"
"456";1;"male";22;0.125;"no";4.15;15.92;"5";"muy feliz"
"457";1;"female";22;1.5;"yes";1.71;14.58;"1";"muy feliz"
"458";12;"male";37;15;"yes";4.04;14.97;"5";"infeliz"
"459";7;"female";22;1.5;"no";2.05;13.8;"3";"feliz"
"460";2;"male";37;15;"yes";1.57;18.33;"6";"feliz"
"461";3;"female";32;15;"yes";4.32;12.32;"3";"infeliz"
"462";1;"female";37;15;"yes";3.52;14.66;"4";"infeliz"
"463";7;"female";42;15;"yes";2.85;16.98;"1";"feliz"
"464";12;"female";42;15;"yes";5;9.68;"4";"muy infeliz"
"465";12;"male";37;10;"yes";1.82;20.27;"6";"infeliz"
"466";12;"female";32;15;"yes";3.22;14;"1";"infeliz"
"467";3;"male";27;4;"no";1.24;18.37;"6";"muy feliz"
"468";7;"male";37;10;"yes";1.55;17.62;"7";"neural"
"469";7;"female";27;4;"no";2.62;17.23;"5";"muy feliz"
"470";1;"male";42;15;"yes";3.57;16.43;"5";"muy feliz"
"471";1;"female";47;15;"yes";4.6;14.6;"4";"muy feliz"
"472";7;"female";27;4;"yes";2.95;17.53;"5";"feliz"
"473";1;"female";27;7;"yes";4.67;13.88;"1";"feliz"
"474";12;"male";27;1.5;"yes";3.27;16.96;"5";"feliz"
"475";12;"female";27;7;"yes";4.22;14.6;"6";"infeliz"
"476";3;"female";42;15;"yes";3.79;15.77;"5";"feliz"
"477";7;"female";27;10;"yes";3.93;12.44;"7";"neural"
"478";1;"male";27;1.5;"no";2.45;17.72;"5";"infeliz"
"479";1;"male";32;4;"no";3.97;20.31;"6";"feliz"
"480";1;"female";27;7;"yes";2.77;13.31;"1";"neural"
"481";3;"female";32;10;"yes";4.3;14.04;"1";"feliz"
"482";3;"male";27;4;"yes";2.39;17.55;"7";"infeliz"
"483";1;"female";17.5;0.75;"no";5.08;14.78;"4";"muy feliz"
"484";1;"female";32;10;"yes";3.51;17.95;"1";"muy feliz"
"485";7;"female";32;7;"yes";2.21;16.99;"6";"feliz"
"486";7;"male";37;15;"yes";2.44;19.55;"6";"feliz"
"487";7;"female";37;10;"no";0.59;20.19;"5";"neural"
"488";12;"female";32;10;"yes";2.3;15.78;"5";"muy feliz"
"489";7;"male";52;15;"yes";2.49;19.68;"6";"feliz"
"490";7;"female";42;15;"yes";0.93;11.96;"1";"neural"
"491";1;"male";52;15;"yes";2.06;19.65;"6";"neural"
"492";2;"male";37;15;"yes";2.6;18.22;"6";"muy feliz"
"493";12;"female";22;4;"no";3.48;11.56;"3";"feliz"
"494";12;"male";27;7;"yes";0.64;18.08;"6";"infeliz"
"495";1;"male";27;4;"yes";3.19;18.25;"5";"muy feliz"
"496";12;"male";47;15;"yes";4.19;16.62;"6";"muy feliz"
"497";12;"female";42;15;"yes";3.62;11.23;"1";"muy infeliz"
"498";7;"male";27;4;"no";3.4;13.7;"3";"feliz"
"499";7;"female";32;7;"yes";3.65;18.44;"4";"muy feliz"
"500";1;"male";32;0.417;"yes";2.8;12.89;"3";"feliz"
"501";3;"male";47;15;"yes";5.07;15.75;"5";"feliz"
"502";12;"male";37;15;"yes";1.59;20.15;"5";"feliz"
"503";7;"male";22;4;"yes";2.39;16.78;"6";"feliz"
"504";1;"male";27;4;"no";1.66;14.66;"4";"muy feliz"
"505";7;"female";52;15;"yes";4.86;16.17;"1";"neural"
"506";1;"male";27;4;"no";2.59;14.84;"3";"neural"
"507";1;"female";27;10;"yes";4.33;15.76;"1";"feliz"
"508";1;"male";32;7;"yes";3.08;14.77;"7";"feliz"
"509";7;"male";32;7;"yes";2.26;18.31;"4";"muy infeliz"
"510";3;"male";22;1.5;"no";0.76;14.32;"3";"infeliz"
"511";7;"male";22;4;"yes";3;17.66;"6";"feliz"
"512";7;"male";42;15;"yes";3.59;20.06;"6";"feliz"
"513";2;"female";57;15;"yes";1.1;17.82;"5";"feliz"
"514";7;"female";32;4;"yes";3.28;18.26;"5";"infeliz"
"515";1;"male";27;4;"yes";0.71;15.89;"4";"feliz"
"516";7;"male";32;7;"yes";4;15.74;"1";"feliz"
"517";2;"male";57;15;"yes";1.37;16.95;"4";"feliz"
"518";7;"female";42;15;"yes";3.96;13.46;"5";"infeliz"
"519";7;"male";37;10;"yes";1.37;17.62;"5";"neural"
"520";3;"male";42;15;"yes";2.96;17.18;"6";"muy infeliz"
"521";1;"female";52;15;"yes";3.19;14.43;"4";"feliz"
"522";2;"female";27;7;"yes";3.17;17.42;"5";"neural"
"523";12;"male";32;7;"yes";2.04;11.71;"4";"infeliz"
"524";1;"male";22;4;"no";4.44;14.86;"2";"muy feliz"
"525";3;"male";27;7;"yes";2.61;18.11;"6";"feliz"
"526";12;"female";37;15;"yes";0.56;17.7;"5";"muy feliz"
"527";7;"female";32;15;"yes";2.55;17;"1";"neural"
"528";7;"female";27;7;"no";1.64;17.04;"5";"muy feliz"
"529";1;"female";32;7;"yes";3.06;17.37;"5";"neural"
"530";1;"male";32;1.5;"yes";1.98;13.76;"2";"feliz"
"531";12;"female";42;15;"yes";3.88;14.79;"1";"infeliz"
"532";7;"male";32;10;"yes";3.4;13.94;"5";"feliz"
"533";7;"male";37;4;"yes";1.48;19.69;"6";"neural"
"534";1;"female";27;4;"yes";2.31;16.3;"5";"neural"
"535";12;"female";42;15;"yes";3.1;13.35;"4";"neural"
"536";1;"male";27;10;"yes";4.61;20.38;"6";"muy feliz"
"537";12;"male";37;10;"yes";2.37;19.51;"6";"infeliz"
"538";12;"female";27;7;"yes";0.66;13.6;"3";"neural"
"539";3;"female";27;7;"yes";4.47;12.29;"1";"infeliz"
"540";3;"male";32;10;"yes";1.51;13.84;"4";"feliz"
"541";12;"female";17.5;0.75;"yes";2.36;12.01;"1";"neural"
"542";12;"female";32;15;"yes";3.42;17.55;"5";"feliz"
"543";2;"female";22;7;"no";3.53;13.54;"4";"neural"
"544";1;"male";32;7;"yes";4.44;20.36;"6";"muy feliz"
"545";7;"male";27;4;"yes";2.34;17.61;"6";"infeliz"
"546";1;"female";22;1.5;"yes";5.23;14.35;"5";"neural"
"547";12;"female";32;15;"no";3.27;17.31;"5";"muy infeliz"
"548";12;"female";42;15;"yes";1.53;11.05;"1";"infeliz"
"549";7;"male";42;15;"yes";2.99;20.01;"5";"feliz"
"550";12;"male";32;10;"no";2.11;18.1;"4";"infeliz"
"551";12;"female";32;15;"yes";2.92;9.27;"1";"muy infeliz"
"552";7;"male";57;15;"yes";4.68;20.07;"4";"muy feliz"
"553";12;"male";47;15;"yes";3.9;20.19;"6";"feliz"
"554";2;"female";42;15;"yes";2.12;16.8;"6";"neural"
"555";12;"male";37;15;"yes";3.24;16.89;"6";"neural"
"556";12;"male";37;15;"yes";5.3;17.36;"5";"infeliz"
"557";7;"male";27;10;"yes";2.14;20.15;"6";"feliz"
"558";2;"male";37;15;"yes";2.04;15.54;"5";"feliz"
"559";12;"female";32;15;"yes";0.63;13.66;"5";"infeliz"
"560";7;"male";32;10;"yes";2.9;16.66;"6";"neural"
"561";2;"male";37;15;"yes";3.95;17.86;"5";"muy infeliz"
"562";7;"female";27;1.5;"no";1.91;17.03;"5";"muy feliz"
"563";3;"female";47;15;"yes";1.84;16.79;"5";"infeliz"
"564";12;"male";37;15;"yes";2.08;16.6;"5";"feliz"
"565";12;"female";27;4;"no";1.57;14.94;"5";"muy feliz"
"566";2;"female";27;10;"yes";3.58;13.7;"1";"muy feliz"
"567";1;"female";22;4;"yes";2.92;16.25;"1";"neural"
"568";12;"male";52;7;"no";4.34;16.37;"5";"muy feliz"
"569";2;"female";27;4;"yes";1.08;16.16;"3";"muy feliz"
"570";7;"female";37;15;"yes";2.04;17.09;"6";"feliz"
"571";2;"female";27;4;"no";0.51;17.23;"3";"muy infeliz"
"572";12;"female";17.5;0.75;"yes";1.61;12.38;"3";"muy feliz"
"573";7;"female";32;15;"yes";4.94;18.14;"5";"feliz"
"574";7;"female";22;4;"no";1.42;16.29;"3";"muy feliz"
"575";2;"male";32;4;"yes";4.43;18.06;"6";"feliz"
"576";1;"female";22;1.5;"yes";3.36;18.33;"5";"infeliz"
"577";3;"female";42;15;"yes";1.81;16.98;"5";"feliz"
"578";1;"male";32;7;"yes";3.69;15.51;"4";"feliz"
"579";12;"male";37;15;"no";2.82;13.36;"6";"infeliz"
"580";1;"male";42;15;"yes";2.62;16.13;"6";"neural"
"581";1;"male";27;4;"yes";1.48;18.18;"5";"feliz"
"582";2;"male";37;15;"yes";4.41;19.89;"7";"neural"
"583";7;"male";37;15;"yes";3.34;19.59;"6";"feliz"
"584";3;"male";22;1.5;"no";2.07;11.08;"3";"neural"
"585";3;"male";32;4;"yes";3.26;20.11;"6";"infeliz"
"586";2;"male";32;15;"yes";5.39;20.37;"6";"muy feliz"
"587";12;"female";52;15;"yes";1.44;18.38;"5";"muy feliz"
"588";12;"male";47;15;"no";1.5;17.71;"6";"muy feliz"
"589";3;"female";32;15;"yes";3.64;15.77;"4";"feliz"
"590";7;"female";32;15;"yes";3.32;13.86;"3";"infeliz"
"591";7;"female";27;7;"yes";4.2;16.17;"1";"infeliz"
"592";12;"male";42;15;"yes";2.93;17.85;"6";"infeliz"
"593";7;"female";42;15;"yes";2.33;13.64;"3";"infeliz"
"594";12;"male";27;7;"yes";1.93;17.49;"5";"feliz"
"595";3;"male";32;10;"yes";3.85;13.54;"4";"neural"
"596";7;"male";47;15;"yes";2.76;15.53;"4";"infeliz"
"597";1;"male";22;1.5;"yes";1.21;11.15;"2";"muy feliz"
"598";7;"female";32;10;"yes";2.3;18.21;"5";"feliz"
"599";2;"male";32;10;"yes";1.95;17.45;"6";"muy feliz"
"600";2;"male";22;7;"yes";2.62;18.34;"6";"infeliz"
"601";1;"female";32;15;"yes";3.33;13.26;"1";"muy feliz"
